aircraft,unit,status,drift_s2,drift_s3,drift_s4,drift_s7,drift_s8,drift_s9,drift_s11,drift_s12,drift_s13,drift_s14,drift_s15,drift_s17,drift_s20,drift_s21,top1,top2,top3,why_text,main_reason
AC-035,35,RED,2.67,2.17,4.76,-3.65,4.03,7.36,5.22,-4.67,3.05,6.83,3.16,3.22,-2.54,-2.96,s9,s14,s11,Physical core speed (Nc) rose 7.4x noise; Corrected core speed (NRc) rose 6.8x noise; HPC outlet static pressure (Ps30) rose 5.2x noise,Physical core speed (Nc)
AC-081,81,RED,4.02,3.13,6.75,-7.25,6.25,2.25,7.63,-7.7,5.78,0.83,4.58,4.04,-5.56,-4.04,s12,s11,s7,Fuel flow / Ps30 ratio (phi) fell 7.7x noise; HPC outlet static pressure (Ps30) rose 7.6x noise; HPC outlet pressure (P30) fell 7.2x noise,Fuel flow / Ps30 ratio (phi)
AC-068,68,RED,3.95,3.96,5.56,-6.04,5.16,7.56,6.58,-6.74,4.89,6.87,4.13,4.53,-4.34,-3.53,s9,s14,s12,Physical core speed (Nc) rose 7.6x noise; Corrected core speed (NRc) rose 6.9x noise; Fuel flow / Ps30 ratio (phi) fell 6.7x noise,Physical core speed (Nc)
AC-031,31,RED,4.31,2.97,7.14,-6.82,5.67,4.77,7.03,-7.93,6.42,2.6,3.94,3.77,-4.56,-4.76,s12,s4,s11,Fuel flow / Ps30 ratio (phi) fell 7.9x noise; LPT outlet temperature (T50) rose 7.1x noise; HPC outlet static pressure (Ps30) rose 7.0x noise,Fuel flow / Ps30 ratio (phi)
AC-076,76,RED,4.08,4.55,6.48,-5.52,4.19,13.11,7.85,-7.39,5.04,13.54,5.07,4.69,-5.37,-5.17,s14,s9,s11,Corrected core speed (NRc) rose 13.5x noise; Physical core speed (Nc) rose 13.1x noise; HPC outlet static pressure (Ps30) rose 7.8x noise,Corrected core speed (NRc)
AC-082,82,RED,3.54,2.53,5.46,-5.0,6.69,-3.31,7.8,-7.3,7.87,-5.75,4.91,3.98,-4.66,-3.09,s13,s11,s12,Corrected fan speed (NRf) rose 7.9x noise; HPC outlet static pressure (Ps30) rose 7.8x noise; Fuel flow / Ps30 ratio (phi) fell 7.3x noise,Corrected fan speed (NRf)
AC-092,92,RED,1.67,1.74,3.28,-4.07,2.98,1.97,4.68,-4.02,2.98,0.4,1.82,3.11,-2.92,-2.12,s11,s7,s12,HPC outlet static pressure (Ps30) rose 4.7x noise; HPC outlet pressure (P30) fell 4.1x noise; Fuel flow / Ps30 ratio (phi) fell 4.0x noise,HPC outlet static pressure (Ps30)
AC-091,91,RED,2.15,2.19,2.53,-3.19,3.03,0.25,3.96,-4.52,3.86,-0.71,2.39,1.04,-2.26,-2.57,s12,s11,s13,Fuel flow / Ps30 ratio (phi) fell 4.5x noise; HPC outlet static pressure (Ps30) rose 4.0x noise; Corrected fan speed (NRf) rose 3.9x noise,Fuel flow / Ps30 ratio (phi)
AC-020,20,RED,4.08,3.14,4.72,-5.65,5.23,-0.14,6.54,-5.02,6.18,-1.51,4.0,3.33,-4.43,-4.24,s11,s13,s7,HPC outlet static pressure (Ps30) rose 6.5x noise; Corrected fan speed (NRf) rose 6.2x noise; HPC outlet pressure (P30) fell 5.7x noise,HPC outlet static pressure (Ps30)
AC-100,100,RED,3.41,2.92,4.75,-2.82,0.7,22.2,4.1,-4.21,0.86,25.65,3.0,2.95,-3.71,-2.41,s14,s9,s4,Corrected core speed (NRc) rose 25.6x noise; Physical core speed (Nc) rose 22.2x noise; LPT outlet temperature (T50) rose 4.8x noise,Corrected core speed (NRc)
AC-024,24,RED,3.67,2.72,4.28,-3.75,3.0,19.85,5.58,-4.21,3.37,21.14,3.32,3.33,-4.34,-2.62,s14,s9,s11,Corrected core speed (NRc) rose 21.1x noise; Physical core speed (Nc) rose 19.9x noise; HPC outlet static pressure (Ps30) rose 5.6x noise,Corrected core speed (NRc)
AC-042,42,RED,3.91,3.29,5.94,-6.7,7.87,-3.63,6.77,-6.97,7.8,-6.41,3.71,4.09,-4.86,-3.99,s8,s13,s12,Physical fan speed (Nf) rose 7.9x noise; Corrected fan speed (NRf) rose 7.8x noise; Fuel flow / Ps30 ratio (phi) fell 7.0x noise,Physical fan speed (Nf)
AC-090,90,RED,1.93,1.82,3.96,-3.13,2.78,7.59,5.3,-3.49,1.58,7.7,2.44,2.18,-2.88,-3.05,s14,s9,s11,Corrected core speed (NRc) rose 7.7x noise; Physical core speed (Nc) rose 7.6x noise; HPC outlet static pressure (Ps30) rose 5.3x noise,Corrected core speed (NRc)
AC-049,49,RED,4.0,3.7,6.17,-6.17,7.48,-1.68,7.59,-6.08,7.37,-4.68,5.27,4.2,-4.0,-4.71,s11,s8,s13,HPC outlet static pressure (Ps30) rose 7.6x noise; Physical fan speed (Nf) rose 7.5x noise; Corrected fan speed (NRf) rose 7.4x noise,HPC outlet static pressure (Ps30)
AC-053,53,RED,2.01,1.61,2.56,-2.93,0.57,13.0,3.58,-3.66,0.9,13.96,2.89,2.02,-3.24,-2.39,s14,s9,s12,Corrected core speed (NRc) rose 14.0x noise; Physical core speed (Nc) rose 13.0x noise; Fuel flow / Ps30 ratio (phi) fell 3.7x noise,Corrected core speed (NRc)
AC-052,52,RED,2.16,2.86,4.13,-3.38,3.46,14.28,4.92,-4.06,1.65,17.29,2.68,3.17,-2.84,-3.26,s14,s9,s11,Corrected core speed (NRc) rose 17.3x noise; Physical core speed (Nc) rose 14.3x noise; HPC outlet static pressure (Ps30) rose 4.9x noise,Corrected core speed (NRc)
AC-064,64,RED,2.42,2.58,3.91,-4.12,4.16,-0.09,4.09,-4.7,4.3,-0.92,2.86,2.02,-3.1,-3.4,s12,s13,s8,Fuel flow / Ps30 ratio (phi) fell 4.7x noise; Corrected fan speed (NRf) rose 4.3x noise; Physical fan speed (Nf) rose 4.2x noise,Fuel flow / Ps30 ratio (phi)
AC-040,40,RED,1.45,0.78,2.26,-2.11,2.33,4.16,2.79,-2.69,2.55,3.68,1.68,1.69,-1.51,-2.25,s9,s14,s11,Physical core speed (Nc) rose 4.2x noise; Corrected core speed (NRc) rose 3.7x noise; HPC outlet static pressure (Ps30) rose 2.8x noise,Physical core speed (Nc)
AC-093,93,YELLOW,1.4,1.33,2.59,-2.91,1.23,5.45,2.01,-2.6,1.48,5.64,2.16,1.09,-1.42,-1.6,s14,s9,s7,Corrected core speed (NRc) rose 5.6x noise; Physical core speed (Nc) rose 5.5x noise; HPC outlet pressure (P30) fell 2.9x noise,Corrected core speed (NRc)
AC-046,46,YELLOW,2.78,1.26,1.82,-2.7,1.52,4.74,3.22,-2.61,1.34,3.95,2.34,2.13,-2.81,-1.4,s9,s14,s11,Physical core speed (Nc) rose 4.7x noise; Corrected core speed (NRc) rose 4.0x noise; HPC outlet static pressure (Ps30) rose 3.2x noise,Physical core speed (Nc)
AC-077,77,YELLOW,1.91,2.0,3.77,-4.81,4.92,-1.44,4.52,-4.84,4.58,-1.7,2.48,3.22,-2.13,-2.77,s8,s12,s7,Physical fan speed (Nf) rose 4.9x noise; Fuel flow / Ps30 ratio (phi) fell 4.8x noise; HPC outlet pressure (P30) fell 4.8x noise,Physical fan speed (Nf)
AC-034,34,RED,4.53,3.95,7.5,-7.83,8.47,-5.48,9.38,-8.91,9.43,-7.09,5.57,4.8,-5.73,-4.59,s13,s11,s12,Corrected fan speed (NRf) rose 9.4x noise; HPC outlet static pressure (Ps30) rose 9.4x noise; Fuel flow / Ps30 ratio (phi) fell 8.9x noise,Corrected fan speed (NRf)
AC-061,61,YELLOW,2.84,3.28,5.15,-4.86,4.87,0.04,5.3,-5.7,6.32,-0.91,3.72,3.06,-3.62,-3.27,s13,s12,s11,Corrected fan speed (NRf) rose 6.3x noise; Fuel flow / Ps30 ratio (phi) fell 5.7x noise; HPC outlet static pressure (Ps30) rose 5.3x noise,Corrected fan speed (NRf)
AC-003,3,YELLOW,1.13,0.73,1.83,-2.13,2.06,-1.07,1.8,-2.79,2.57,-0.93,1.21,1.2,-1.81,-1.07,s12,s13,s7,Fuel flow / Ps30 ratio (phi) fell 2.8x noise; Corrected fan speed (NRf) rose 2.6x noise; HPC outlet pressure (P30) fell 2.1x noise,Fuel flow / Ps30 ratio (phi)
AC-041,41,YELLOW,2.23,2.13,4.11,-4.1,4.82,-3.51,5.74,-5.01,6.13,-5.9,3.56,3.28,-3.59,-2.76,s13,s14,s11,Corrected fan speed (NRf) rose 6.1x noise; Corrected core speed (NRc) fell 5.9x noise; HPC outlet static pressure (Ps30) rose 5.7x noise,Corrected fan speed (NRf)
AC-056,56,RED,2.6,1.59,3.46,-2.59,4.13,0.45,3.66,-4.49,4.06,-2.06,2.9,1.91,-2.85,-3.32,s12,s8,s13,Fuel flow / Ps30 ratio (phi) fell 4.5x noise; Physical fan speed (Nf) rose 4.1x noise; Corrected fan speed (NRf) rose 4.1x noise,Fuel flow / Ps30 ratio (phi)
AC-058,58,YELLOW,2.68,1.79,4.01,-3.6,3.66,1.87,4.84,-3.14,4.18,0.87,2.95,1.69,-2.74,-2.17,s11,s13,s4,HPC outlet static pressure (Ps30) rose 4.8x noise; Corrected fan speed (NRf) rose 4.2x noise; LPT outlet temperature (T50) rose 4.0x noise,HPC outlet static pressure (Ps30)
AC-062,62,YELLOW,1.99,2.81,4.29,-2.53,2.14,9.55,3.87,-3.82,1.65,9.7,2.8,3.38,-3.55,-3.2,s14,s9,s4,Corrected core speed (NRc) rose 9.7x noise; Physical core speed (Nc) rose 9.6x noise; LPT outlet temperature (T50) rose 4.3x noise,Corrected core speed (NRc)
AC-032,32,YELLOW,1.82,2.14,3.03,-1.67,1.76,7.62,3.42,-2.82,1.53,7.72,2.17,1.91,-2.44,-2.17,s14,s9,s11,Corrected core speed (NRc) rose 7.7x noise; Physical core speed (Nc) rose 7.6x noise; HPC outlet static pressure (Ps30) rose 3.4x noise,Corrected core speed (NRc)
AC-066,66,RED,2.75,2.29,4.03,-3.35,1.31,15.37,4.78,-3.01,0.93,17.13,2.51,2.84,-2.55,-2.74,s14,s9,s11,Corrected core speed (NRc) rose 17.1x noise; Physical core speed (Nc) rose 15.4x noise; HPC outlet static pressure (Ps30) rose 4.8x noise,Corrected core speed (NRc)
AC-017,17,YELLOW,2.33,1.84,3.31,-2.34,1.83,6.15,2.68,-2.37,1.27,6.4,1.82,1.91,-2.08,-2.21,s14,s9,s4,Corrected core speed (NRc) rose 6.4x noise; Physical core speed (Nc) rose 6.2x noise; LPT outlet temperature (T50) rose 3.3x noise,Corrected core speed (NRc)
AC-038,38,YELLOW,1.21,0.02,1.27,-1.61,0.52,5.77,2.31,-1.04,-0.46,8.23,1.84,1.2,-0.09,-1.69,s14,s9,s11,Corrected core speed (NRc) rose 8.2x noise; Physical core speed (Nc) rose 5.8x noise; HPC outlet static pressure (Ps30) rose 2.3x noise,Corrected core speed (NRc)
AC-036,36,RED,2.01,2.71,3.34,-3.57,1.73,1.61,3.32,-4.17,3.19,-0.11,2.91,1.47,-1.77,-1.65,s12,s7,s4,Fuel flow / Ps30 ratio (phi) fell 4.2x noise; HPC outlet pressure (P30) fell 3.6x noise; LPT outlet temperature (T50) rose 3.3x noise,Fuel flow / Ps30 ratio (phi)
AC-084,84,YELLOW,1.07,1.43,1.76,-3.33,2.69,-1.98,2.41,-3.21,3.17,-1.61,1.48,2.13,-1.58,-2.17,s7,s12,s13,HPC outlet pressure (P30) fell 3.3x noise; Fuel flow / Ps30 ratio (phi) fell 3.2x noise; Corrected fan speed (NRf) rose 3.2x noise,HPC outlet pressure (P30)
AC-063,63,YELLOW,1.04,0.96,1.51,-2.56,2.1,0.18,2.66,-1.21,1.95,-0.83,1.96,1.04,-2.07,-0.84,s11,s7,s8,HPC outlet static pressure (Ps30) rose 2.7x noise; HPC outlet pressure (P30) fell 2.6x noise; Physical fan speed (Nf) rose 2.1x noise,HPC outlet static pressure (Ps30)
AC-094,94,YELLOW,0.39,1.53,1.9,-2.64,2.7,-0.05,2.26,-1.71,2.12,-1.71,2.25,0.71,-1.96,-1.84,s8,s7,s11,Physical fan speed (Nf) rose 2.7x noise; HPC outlet pressure (P30) fell 2.6x noise; HPC outlet static pressure (Ps30) rose 2.3x noise,Physical fan speed (Nf)
AC-021,21,YELLOW,0.91,1.58,1.55,-1.07,0.23,8.49,1.54,-1.64,-0.12,10.24,0.95,1.86,-1.51,-0.81,s14,s9,s17,Corrected core speed (NRc) rose 10.2x noise; Physical core speed (Nc) rose 8.5x noise; Bleed enthalpy (htBleed) rose 1.9x noise,Corrected core speed (NRc)
AC-018,18,YELLOW,2.55,3.39,3.96,-2.63,5.1,-2.17,4.06,-3.66,3.94,-4.02,2.43,1.53,-3.82,-2.43,s8,s11,s14,Physical fan speed (Nf) rose 5.1x noise; HPC outlet static pressure (Ps30) rose 4.1x noise; Corrected core speed (NRc) fell 4.0x noise,Physical fan speed (Nf)
AC-033,33,GREEN,-0.1,-0.48,0.02,0.19,0.21,0.4,0.38,0.46,-0.28,-0.01,0.66,0.11,-0.2,0.29,s15,s3,s12,Bypass ratio (BPR) rose 0.7x noise; HPC outlet temperature (T30) fell 0.5x noise; Fuel flow / Ps30 ratio (phi) rose 0.5x noise,Bypass ratio (BPR)
AC-023,23,GREEN,1.38,0.61,0.33,-1.16,0.96,0.25,0.73,-1.42,0.6,-0.44,0.16,0.16,-1.38,-0.7,s12,s2,s20,Fuel flow / Ps30 ratio (phi) fell 1.4x noise; LPC outlet temperature (T24) rose 1.4x noise; HPT coolant bleed (W31) fell 1.4x noise,Fuel flow / Ps30 ratio (phi)
AC-025,25,GREEN,1.15,0.18,0.16,-0.19,0.0,0.2,-0.29,-0.14,0.09,0.32,0.3,0.55,0.17,-0.76,s2,s21,s17,LPC outlet temperature (T24) rose 1.1x noise; LPT coolant bleed (W32) fell 0.8x noise; Bleed enthalpy (htBleed) rose 0.6x noise,LPC outlet temperature (T24)
AC-026,26,GREEN,0.28,-0.0,0.05,-0.39,0.44,0.6,0.78,-0.38,-0.48,2.09,-0.66,0.11,-0.5,0.33,s14,s11,s15,Corrected core speed (NRc) rose 2.1x noise; HPC outlet static pressure (Ps30) rose 0.8x noise; Bypass ratio (BPR) fell 0.7x noise,Corrected core speed (NRc)
AC-027,27,GREEN,1.3,1.07,1.66,-1.67,2.09,0.05,1.67,-2.02,2.19,-0.83,1.44,0.66,-1.48,-1.7,s13,s8,s12,Corrected fan speed (NRf) rose 2.2x noise; Physical fan speed (Nf) rose 2.1x noise; Fuel flow / Ps30 ratio (phi) fell 2.0x noise,Corrected fan speed (NRf)
AC-028,28,GREEN,0.56,0.52,0.7,-0.82,-0.36,4.23,1.44,-0.14,0.64,3.06,0.98,0.87,-0.68,-0.05,s9,s14,s11,Physical core speed (Nc) rose 4.2x noise; Corrected core speed (NRc) rose 3.1x noise; HPC outlet static pressure (Ps30) rose 1.4x noise,Physical core speed (Nc)
AC-022,22,GREEN,0.7,0.15,0.32,0.0,-0.15,-0.49,0.54,0.28,0.07,-0.5,-0.93,-0.22,-0.03,-0.02,s15,s2,s11,Bypass ratio (BPR) fell 0.9x noise; LPC outlet temperature (T24) rose 0.7x noise; HPC outlet static pressure (Ps30) rose 0.5x noise,Bypass ratio (BPR)
AC-029,29,GREEN,1.16,0.66,1.56,-1.06,0.57,3.47,1.23,-2.37,1.69,4.12,0.57,1.58,-0.52,-1.17,s14,s9,s12,Corrected core speed (NRc) rose 4.1x noise; Physical core speed (Nc) rose 3.5x noise; Fuel flow / Ps30 ratio (phi) fell 2.4x noise,Corrected core speed (NRc)
AC-030,30,GREEN,0.19,0.74,1.34,0.23,-0.13,1.49,0.74,-1.3,0.81,1.74,1.25,0.93,-1.13,-0.79,s14,s9,s4,Corrected core speed (NRc) rose 1.7x noise; Physical core speed (Nc) rose 1.5x noise; LPT outlet temperature (T50) rose 1.3x noise,Corrected core speed (NRc)
AC-013,13,GREEN,1.04,1.48,3.08,-2.48,2.1,0.13,3.03,-2.25,2.6,0.76,1.06,1.86,-1.64,-1.71,s4,s11,s13,LPT outlet temperature (T50) rose 3.1x noise; HPC outlet static pressure (Ps30) rose 3.0x noise; Corrected fan speed (NRf) rose 2.6x noise,LPT outlet temperature (T50)
AC-016,16,GREEN,0.89,0.52,0.58,-0.13,0.62,2.83,1.29,-2.04,0.12,3.49,1.02,0.05,-1.27,-1.17,s14,s9,s12,Corrected core speed (NRc) rose 3.5x noise; Physical core speed (Nc) rose 2.8x noise; Fuel flow / Ps30 ratio (phi) fell 2.0x noise,Corrected core speed (NRc)
AC-015,15,GREEN,0.59,2.02,0.58,0.09,1.28,0.28,1.05,-0.86,1.65,-1.23,0.62,0.76,0.15,-0.71,s3,s13,s8,HPC outlet temperature (T30) rose 2.0x noise; Corrected fan speed (NRf) rose 1.6x noise; Physical fan speed (Nf) rose 1.3x noise,HPC outlet temperature (T30)
AC-014,14,GREEN,0.07,1.1,0.72,0.39,0.92,-0.16,1.08,-0.7,-0.07,0.23,-0.45,-0.05,-0.05,-0.3,s3,s11,s8,HPC outlet temperature (T30) rose 1.1x noise; HPC outlet static pressure (Ps30) rose 1.1x noise; Physical fan speed (Nf) rose 0.9x noise,HPC outlet temperature (T30)
AC-019,19,GREEN,1.18,0.86,1.57,-0.83,1.76,1.84,2.28,-2.21,1.69,1.0,0.92,1.47,-1.41,-1.1,s11,s12,s9,HPC outlet static pressure (Ps30) rose 2.3x noise; Fuel flow / Ps30 ratio (phi) fell 2.2x noise; Physical core speed (Nc) rose 1.8x noise,HPC outlet static pressure (Ps30)
AC-008,8,GREEN,1.53,1.25,1.46,-1.41,1.13,0.46,1.59,-3.15,1.07,0.04,1.49,0.38,-1.28,-0.63,s12,s11,s2,Fuel flow / Ps30 ratio (phi) fell 3.1x noise; HPC outlet static pressure (Ps30) rose 1.6x noise; LPC outlet temperature (T24) rose 1.5x noise,Fuel flow / Ps30 ratio (phi)
AC-007,7,GREEN,0.38,1.38,2.6,-1.46,0.39,2.48,1.62,-0.71,1.34,2.01,1.06,1.53,-0.88,-1.2,s4,s9,s14,LPT outlet temperature (T50) rose 2.6x noise; Physical core speed (Nc) rose 2.5x noise; Corrected core speed (NRc) rose 2.0x noise,LPT outlet temperature (T50)
AC-006,6,GREEN,0.28,0.04,-0.1,-1.02,1.91,-0.32,0.54,-0.84,1.22,-0.26,0.73,0.16,-0.86,-0.82,s8,s13,s7,Physical fan speed (Nf) rose 1.9x noise; Corrected fan speed (NRf) rose 1.2x noise; HPC outlet pressure (P30) fell 1.0x noise,Physical fan speed (Nf)
AC-009,9,GREEN,-0.51,-0.25,-0.25,-0.37,0.5,0.69,0.74,0.33,1.21,1.64,0.12,-0.05,-0.73,0.78,s14,s13,s21,Corrected core speed (NRc) rose 1.6x noise; Corrected fan speed (NRf) rose 1.2x noise; LPT coolant bleed (W32) rose 0.8x noise,Corrected core speed (NRc)
AC-005,5,GREEN,-0.0,1.03,1.26,-0.94,1.12,0.13,0.73,-1.94,1.58,-1.25,0.09,0.55,-0.91,-0.61,s12,s13,s4,Fuel flow / Ps30 ratio (phi) fell 1.9x noise; Corrected fan speed (NRf) rose 1.6x noise; LPT outlet temperature (T50) rose 1.3x noise,Fuel flow / Ps30 ratio (phi)
AC-012,12,GREEN,1.08,0.62,2.29,-2.0,0.89,3.14,2.14,-2.08,1.48,3.83,2.08,0.93,-2.45,-1.29,s14,s9,s20,Corrected core speed (NRc) rose 3.8x noise; Physical core speed (Nc) rose 3.1x noise; HPT coolant bleed (W31) fell 2.5x noise,Corrected core speed (NRc)
AC-002,2,GREEN,0.61,-0.17,0.35,0.4,-0.19,0.07,0.37,0.22,0.19,-0.15,0.54,-0.33,0.69,-0.97,s21,s20,s2,LPT coolant bleed (W32) fell 1.0x noise; HPT coolant bleed (W31) rose 0.7x noise; LPC outlet temperature (T24) rose 0.6x noise,LPT coolant bleed (W32)
AC-004,4,GREEN,1.33,0.91,0.86,-0.41,1.07,0.62,1.98,-0.77,0.24,0.51,1.02,1.47,-0.65,-0.94,s11,s17,s2,HPC outlet static pressure (Ps30) rose 2.0x noise; Bleed enthalpy (htBleed) rose 1.5x noise; LPC outlet temperature (T24) rose 1.3x noise,HPC outlet static pressure (Ps30)
AC-001,1,GREEN,-0.15,0.43,-0.54,-0.13,1.51,0.37,-0.28,-0.22,0.55,0.24,0.61,0.55,-0.79,-0.15,s8,s20,s15,Physical fan speed (Nf) rose 1.5x noise; HPT coolant bleed (W31) fell 0.8x noise; Bypass ratio (BPR) rose 0.6x noise,Physical fan speed (Nf)
AC-011,11,GREEN,0.77,0.38,1.61,-0.33,1.33,-0.83,0.12,-1.14,1.02,-1.06,0.21,-0.22,-1.24,-0.19,s4,s8,s20,LPT outlet temperature (T50) rose 1.6x noise; Physical fan speed (Nf) rose 1.3x noise; HPT coolant bleed (W31) fell 1.2x noise,LPT outlet temperature (T50)
AC-010,10,GREEN,2.16,1.61,1.7,-2.05,2.82,-0.09,2.37,-2.53,1.43,-1.02,1.45,1.42,-1.64,-2.37,s8,s12,s11,Physical fan speed (Nf) rose 2.8x noise; Fuel flow / Ps30 ratio (phi) fell 2.5x noise; HPC outlet static pressure (Ps30) rose 2.4x noise,Physical fan speed (Nf)
AC-051,51,GREEN,1.19,1.02,0.03,-1.31,1.25,2.14,1.51,-1.85,0.38,0.21,1.71,0.44,-0.33,-1.22,s9,s12,s15,Physical core speed (Nc) rose 2.1x noise; Fuel flow / Ps30 ratio (phi) fell 1.9x noise; Bypass ratio (BPR) rose 1.7x noise,Physical core speed (Nc)
AC-045,45,GREEN,1.08,1.43,1.76,-1.15,0.68,0.18,1.38,-1.86,1.79,-0.69,1.5,1.47,-1.53,-0.62,s12,s13,s4,Fuel flow / Ps30 ratio (phi) fell 1.9x noise; Corrected fan speed (NRf) rose 1.8x noise; LPT outlet temperature (T50) rose 1.8x noise,Fuel flow / Ps30 ratio (phi)
AC-050,50,GREEN,0.48,-0.28,0.69,-0.22,0.08,0.88,2.14,0.07,1.14,0.33,1.64,0.76,-0.44,-1.65,s11,s21,s15,HPC outlet static pressure (Ps30) rose 2.1x noise; LPT coolant bleed (W32) fell 1.6x noise; Bypass ratio (BPR) rose 1.6x noise,HPC outlet static pressure (Ps30)
AC-047,47,GREEN,-0.6,-0.56,0.07,-0.23,0.28,-0.92,-0.79,-0.92,0.6,0.5,0.24,-0.55,-0.46,0.07,s9,s12,s11,Physical core speed (Nc) fell 0.9x noise; Fuel flow / Ps30 ratio (phi) fell 0.9x noise; HPC outlet static pressure (Ps30) fell 0.8x noise,Physical core speed (Nc)
AC-048,48,GREEN,0.21,0.57,0.57,-0.23,0.36,0.76,1.47,-0.42,1.55,0.33,0.45,0.05,-0.65,-0.62,s13,s11,s9,Corrected fan speed (NRf) rose 1.6x noise; HPC outlet static pressure (Ps30) rose 1.5x noise; Physical core speed (Nc) rose 0.8x noise,Corrected fan speed (NRf)
AC-067,67,GREEN,0.6,0.26,0.37,0.2,0.47,-1.19,-0.2,-1.17,0.74,-1.08,0.13,-0.27,-0.44,-0.44,s9,s12,s14,Physical core speed (Nc) fell 1.2x noise; Fuel flow / Ps30 ratio (phi) fell 1.2x noise; Corrected core speed (NRc) fell 1.1x noise,Physical core speed (Nc)
AC-065,65,GREEN,-0.78,0.54,1.4,-0.32,0.79,-0.76,0.28,-0.89,0.64,0.73,1.09,0.0,-0.59,0.02,s4,s15,s12,LPT outlet temperature (T50) rose 1.4x noise; Bypass ratio (BPR) rose 1.1x noise; Fuel flow / Ps30 ratio (phi) fell 0.9x noise,LPT outlet temperature (T50)
AC-059,59,GREEN,0.55,0.46,0.77,-1.21,1.05,0.55,0.65,-1.3,1.7,0.43,1.41,0.33,-0.7,-0.11,s13,s15,s12,Corrected fan speed (NRf) rose 1.7x noise; Bypass ratio (BPR) rose 1.4x noise; Fuel flow / Ps30 ratio (phi) fell 1.3x noise,Corrected fan speed (NRf)
AC-054,54,GREEN,1.55,0.46,2.04,-1.24,0.65,2.14,1.52,-1.65,-0.1,2.57,1.26,0.98,0.06,0.36,s14,s9,s4,Corrected core speed (NRc) rose 2.6x noise; Physical core speed (Nc) rose 2.1x noise; LPT outlet temperature (T50) rose 2.0x noise,Corrected core speed (NRc)
AC-055,55,GREEN,0.21,0.43,0.9,-1.03,0.84,1.18,0.96,0.36,1.72,1.11,0.73,0.76,0.32,-0.5,s13,s9,s14,Corrected fan speed (NRf) rose 1.7x noise; Physical core speed (Nc) rose 1.2x noise; Corrected core speed (NRc) rose 1.1x noise,Corrected fan speed (NRf)
AC-057,57,GREEN,0.61,0.59,2.21,-1.6,1.41,-0.1,0.9,-1.55,1.72,0.52,1.31,2.24,-1.3,-2.09,s17,s4,s21,Bleed enthalpy (htBleed) rose 2.2x noise; LPT outlet temperature (T50) rose 2.2x noise; LPT coolant bleed (W32) fell 2.1x noise,Bleed enthalpy (htBleed)
AC-060,60,GREEN,0.84,0.97,1.36,-1.56,1.39,0.26,1.31,-1.93,1.0,0.04,0.27,1.53,-0.82,-0.3,s12,s7,s17,Fuel flow / Ps30 ratio (phi) fell 1.9x noise; HPC outlet pressure (P30) fell 1.6x noise; Bleed enthalpy (htBleed) rose 1.5x noise,Fuel flow / Ps30 ratio (phi)
AC-039,39,GREEN,-1.55,0.34,-0.47,-0.16,-0.49,0.28,-0.37,-0.23,0.0,0.55,-0.04,-0.11,-0.59,-0.31,s2,s20,s14,LPC outlet temperature (T24) fell 1.6x noise; HPT coolant bleed (W31) fell 0.6x noise; Corrected core speed (NRc) rose 0.6x noise,LPC outlet temperature (T24)
AC-044,44,GREEN,0.35,0.03,0.72,0.02,0.94,0.65,0.4,-0.15,0.09,0.58,0.54,0.05,-0.86,0.26,s8,s20,s4,Physical fan speed (Nf) rose 0.9x noise; HPT coolant bleed (W31) fell 0.9x noise; LPT outlet temperature (T50) rose 0.7x noise,Physical fan speed (Nf)
AC-043,43,GREEN,2.14,1.51,2.55,-2.5,1.86,1.54,3.92,-1.99,2.15,1.15,1.63,2.13,-1.26,-1.93,s11,s4,s7,HPC outlet static pressure (Ps30) rose 3.9x noise; LPT outlet temperature (T50) rose 2.5x noise; HPC outlet pressure (P30) fell 2.5x noise,HPC outlet static pressure (Ps30)
AC-037,37,GREEN,3.72,0.59,3.4,-3.73,5.18,-2.72,5.31,-4.15,5.34,-5.39,3.75,2.73,-4.03,-2.55,s14,s13,s11,Corrected core speed (NRc) fell 5.4x noise; Corrected fan speed (NRf) rose 5.3x noise; HPC outlet static pressure (Ps30) rose 5.3x noise,Corrected core speed (NRc)
AC-074,74,GREEN,0.7,1.24,0.9,-0.76,0.99,-0.07,1.22,-1.42,1.27,0.18,1.49,0.38,-0.62,-1.5,s21,s15,s12,LPT coolant bleed (W32) fell 1.5x noise; Bypass ratio (BPR) rose 1.5x noise; Fuel flow / Ps30 ratio (phi) fell 1.4x noise,LPT coolant bleed (W32)
AC-075,75,GREEN,-0.23,0.37,0.6,-1.86,1.68,-0.86,1.26,-0.95,1.05,-0.93,0.91,0.66,-0.59,-0.03,s7,s8,s11,HPC outlet pressure (P30) fell 1.9x noise; Physical fan speed (Nf) rose 1.7x noise; HPC outlet static pressure (Ps30) rose 1.3x noise,HPC outlet pressure (P30)
AC-069,69,GREEN,-0.61,0.43,-0.53,-0.84,0.87,-0.58,0.51,0.18,1.17,0.31,0.38,0.38,0.29,-1.08,s13,s21,s8,Corrected fan speed (NRf) rose 1.2x noise; LPT coolant bleed (W32) fell 1.1x noise; Physical fan speed (Nf) rose 0.9x noise,Corrected fan speed (NRf)
AC-071,71,GREEN,0.64,0.04,0.47,-0.73,0.49,0.43,0.45,0.24,1.03,0.46,0.5,-0.11,-1.08,-0.73,s20,s13,s7,HPT coolant bleed (W31) fell 1.1x noise; Corrected fan speed (NRf) rose 1.0x noise; HPC outlet pressure (P30) fell 0.7x noise,HPT coolant bleed (W31)
AC-070,70,GREEN,1.39,0.35,1.06,-1.11,0.6,2.13,1.66,-1.11,1.43,1.9,1.35,-0.05,-0.94,-1.37,s9,s14,s11,Physical core speed (Nc) rose 2.1x noise; Corrected core speed (NRc) rose 1.9x noise; HPC outlet static pressure (Ps30) rose 1.7x noise,Physical core speed (Nc)
AC-083,83,GREEN,0.68,0.6,-0.23,0.95,0.36,0.44,0.57,-0.93,0.34,0.35,0.07,0.76,-0.3,0.33,s7,s12,s17,HPC outlet pressure (P30) rose 0.9x noise; Fuel flow / Ps30 ratio (phi) fell 0.9x noise; Bleed enthalpy (htBleed) rose 0.8x noise,HPC outlet pressure (P30)
AC-078,78,GREEN,0.38,-0.12,-0.09,0.26,-0.16,1.31,-0.14,-0.39,0.31,2.21,0.85,-0.76,-0.25,-0.83,s14,s9,s15,Corrected core speed (NRc) rose 2.2x noise; Physical core speed (Nc) rose 1.3x noise; Bypass ratio (BPR) rose 0.8x noise,Corrected core speed (NRc)
AC-079,79,GREEN,1.0,0.53,1.25,-0.87,1.57,-1.35,1.43,-1.53,1.19,-1.98,1.43,0.87,-1.33,-1.31,s14,s8,s12,Corrected core speed (NRc) fell 2.0x noise; Physical fan speed (Nf) rose 1.6x noise; Fuel flow / Ps30 ratio (phi) fell 1.5x noise,Corrected core speed (NRc)
AC-080,80,GREEN,0.6,0.63,1.26,-1.75,1.94,1.22,1.49,-1.66,1.08,-0.39,0.99,0.66,-1.01,-0.86,s8,s7,s12,Physical fan speed (Nf) rose 1.9x noise; HPC outlet pressure (P30) fell 1.8x noise; Fuel flow / Ps30 ratio (phi) fell 1.7x noise,Physical fan speed (Nf)
AC-072,72,GREEN,1.76,0.38,2.5,-2.5,1.76,1.71,3.97,-2.66,2.38,1.72,1.31,1.47,-1.29,-1.37,s11,s12,s4,HPC outlet static pressure (Ps30) rose 4.0x noise; Fuel flow / Ps30 ratio (phi) fell 2.7x noise; LPT outlet temperature (T50) rose 2.5x noise,HPC outlet static pressure (Ps30)
AC-073,73,GREEN,0.74,-0.43,1.02,-0.93,0.52,1.73,1.51,-1.02,1.57,0.8,1.28,1.15,-1.11,-1.02,s9,s13,s11,Physical core speed (Nc) rose 1.7x noise; Corrected fan speed (NRf) rose 1.6x noise; HPC outlet static pressure (Ps30) rose 1.5x noise,Physical core speed (Nc)
AC-088,88,GREEN,1.25,-0.54,0.35,-0.36,0.86,0.45,1.14,-0.49,0.79,0.19,0.36,0.05,-0.41,0.24,s2,s11,s8,LPC outlet temperature (T24) rose 1.2x noise; HPC outlet static pressure (Ps30) rose 1.1x noise; Physical fan speed (Nf) rose 0.9x noise,LPC outlet temperature (T24)
AC-085,85,GREEN,0.36,0.07,-0.47,-0.43,-0.84,-0.09,0.48,0.25,-0.19,0.17,-0.18,-0.55,0.33,-1.21,s21,s8,s17,LPT coolant bleed (W32) fell 1.2x noise; Physical fan speed (Nf) fell 0.8x noise; Bleed enthalpy (htBleed) fell 0.6x noise,LPT coolant bleed (W32)
AC-089,89,GREEN,1.37,0.06,1.19,-1.02,0.23,2.55,0.16,-1.71,1.45,2.39,0.44,1.31,-0.67,-1.18,s9,s14,s12,Physical core speed (Nc) rose 2.5x noise; Corrected core speed (NRc) rose 2.4x noise; Fuel flow / Ps30 ratio (phi) fell 1.7x noise,Physical core speed (Nc)
AC-086,86,GREEN,1.66,-0.6,0.78,-0.76,-0.15,1.78,0.01,-0.71,1.21,1.88,0.92,0.0,-0.34,-0.58,s14,s9,s2,Corrected core speed (NRc) rose 1.9x noise; Physical core speed (Nc) rose 1.8x noise; LPC outlet temperature (T24) rose 1.7x noise,Corrected core speed (NRc)
AC-087,87,GREEN,-0.25,0.23,-0.04,0.08,0.92,-0.13,0.52,-0.04,0.76,-0.28,0.5,0.87,0.35,-0.64,s8,s17,s13,Physical fan speed (Nf) rose 0.9x noise; Bleed enthalpy (htBleed) rose 0.9x noise; Corrected fan speed (NRf) rose 0.8x noise,Physical fan speed (Nf)
AC-095,95,GREEN,0.15,0.09,0.77,-2.04,0.83,0.89,1.36,-1.4,-0.31,1.04,0.95,1.09,-0.38,-0.83,s7,s12,s11,HPC outlet pressure (P30) fell 2.0x noise; Fuel flow / Ps30 ratio (phi) fell 1.4x noise; HPC outlet static pressure (Ps30) rose 1.4x noise,HPC outlet pressure (P30)
AC-096,96,GREEN,0.44,1.25,0.5,-0.41,0.99,0.78,1.0,-0.17,1.65,-0.02,0.56,0.76,0.13,-0.31,s13,s3,s11,Corrected fan speed (NRf) rose 1.6x noise; HPC outlet temperature (T30) rose 1.2x noise; HPC outlet static pressure (Ps30) rose 1.0x noise,Corrected fan speed (NRf)
AC-097,97,GREEN,0.97,0.44,0.89,-1.0,1.04,2.84,1.53,-1.61,1.26,2.15,1.3,1.97,-1.43,-0.56,s9,s14,s17,Physical core speed (Nc) rose 2.8x noise; Corrected core speed (NRc) rose 2.1x noise; Bleed enthalpy (htBleed) rose 2.0x noise,Physical core speed (Nc)
AC-098,98,GREEN,1.06,1.84,2.17,-1.33,2.09,0.87,2.41,-1.99,2.41,0.38,1.98,1.75,-1.86,-1.22,s11,s13,s4,HPC outlet static pressure (Ps30) rose 2.4x noise; Corrected fan speed (NRf) rose 2.4x noise; LPT outlet temperature (T50) rose 2.2x noise,HPC outlet static pressure (Ps30)
AC-099,99,GREEN,0.99,0.12,1.31,-0.87,0.66,1.79,0.14,-1.6,1.12,2.69,0.68,-0.16,-0.56,-0.3,s14,s9,s12,Corrected core speed (NRc) rose 2.7x noise; Physical core speed (Nc) rose 1.8x noise; Fuel flow / Ps30 ratio (phi) fell 1.6x noise,Corrected core speed (NRc)
