aircraft,base,status,plan_rul,days_left,risk_score,spare_status,action,priority_score,pred_rul,true_rul,flights_flown,unit
AC-035,Base-C,RED,0.0,0.0,100.0,SHORT (arrives day 6),Maintain on day 6  (!! may fail before slot),100.0,9.6,11,198,35
AC-081,Base-C,RED,0.0,0.0,100.0,SHORT (arrives day 6),Maintain on day 7  (!! may fail before slot),100.0,7.0,8,213,81
AC-068,Base-B,RED,1.9,0.6,98.0,SHORT (arrives day 4),Maintain on day 6  (!! may fail before slot),99.0,11.9,8,187,68
AC-031,Base-B,RED,1.5,0.5,98.0,SHORT (arrives day 4),Maintain on day 7  (!! may fail before slot),99.0,11.5,8,196,31
AC-076,Base-B,RED,1.0,0.3,99.0,SHORT (arrives day 4),Maintain on day 5  (!! may fail before slot),99.0,11.0,10,205,76
AC-082,Base-B,RED,2.8,0.9,96.0,SHORT (arrives day 4),No slot in next 7 days - ESCALATE,97.0,12.8,9,162,82
AC-092,Base-C,RED,7.3,2.4,91.0,SHORT (arrives day 6),No slot in next 7 days - ESCALATE,94.0,17.3,20,150,92
AC-091,Base-B,RED,7.9,2.6,90.0,SHORT (arrives day 4),No slot in next 7 days - ESCALATE,93.0,17.9,38,234,91
AC-020,Base-B,RED,7.6,2.5,90.0,SHORT (arrives day 4),No slot in next 7 days - ESCALATE,93.0,17.6,16,184,20
AC-100,Base-A,RED,8.7,2.9,89.0,SHORT (arrives day 2),Maintain on day 3  (!! may fail before slot),92.0,18.7,20,198,100
AC-024,Base-C,RED,10.1,3.4,87.0,SHORT (arrives day 6),No slot in next 7 days - ESCALATE,91.0,20.1,20,186,24
AC-042,Base-C,RED,12.2,4.1,85.0,SHORT (arrives day 6),No slot in next 7 days - ESCALATE,90.0,22.2,10,156,42
AC-090,Base-C,RED,11.6,3.9,86.0,SHORT (arrives day 6),No slot in next 7 days - ESCALATE,90.0,21.6,28,146,90
AC-049,Base-C,RED,12.4,4.1,84.0,SHORT (arrives day 6),No slot in next 7 days - ESCALATE,89.0,22.4,21,303,49
AC-053,Base-B,RED,22.4,7.5,72.0,SHORT (arrives day 4),No slot in next 7 days - ESCALATE,80.0,32.4,26,164,53
AC-052,Base-A,RED,24.9,8.3,69.0,SHORT (arrives day 2),Maintain on day 3,78.0,34.9,29,189,52
AC-064,Base-C,RED,26.0,8.7,68.0,SHORT (arrives day 6),No slot in next 7 days - ESCALATE,78.0,36.0,28,168,64
AC-040,Base-B,RED,26.8,8.9,66.0,SHORT (arrives day 4),No slot in next 7 days - ESCALATE,76.0,36.8,28,133,40
AC-093,Base-C,YELLOW,30.1,10.0,62.0,SHORT (arrives day 6),No slot in next 7 days - ESCALATE,73.0,40.1,85,244,93
AC-046,Base-C,YELLOW,32.7,10.9,59.0,SHORT (arrives day 6),No slot in next 7 days - ESCALATE,71.0,42.7,47,146,46
AC-077,Base-A,YELLOW,32.9,11.0,59.0,SHORT (arrives day 2),Maintain on day 4,71.0,42.9,34,162,77
AC-034,Base-B,RED,0.0,0.0,100.0,In stock,Maintain on day 2  (!! may fail before slot),70.0,4.9,7,203,34
AC-061,Base-C,YELLOW,34.6,11.5,57.0,SHORT (arrives day 6),No slot in next 7 days - ESCALATE,70.0,44.6,21,159,61
AC-003,Base-B,YELLOW,34.5,11.5,57.0,SHORT (arrives day 4),No slot in next 7 days - ESCALATE,70.0,44.5,69,126,3
AC-041,Base-A,YELLOW,36.5,12.2,54.0,SHORT (arrives day 2),Maintain on day 5,68.0,46.5,18,123,41
AC-056,Base-A,RED,2.5,0.8,97.0,In stock,Maintain on day 1  (!! may fail before slot),68.0,12.5,15,136,56
AC-058,Base-A,YELLOW,36.6,12.2,54.0,SHORT (arrives day 2),Maintain on day 5,68.0,46.6,37,176,58
AC-062,Base-C,YELLOW,39.3,13.1,51.0,SHORT (arrives day 6),No slot in next 7 days - ESCALATE,66.0,49.3,54,232,62
AC-032,Base-A,YELLOW,40.2,13.4,50.0,SHORT (arrives day 2),Maintain on day 6,65.0,50.2,48,145,32
AC-066,Base-A,RED,6.1,2.0,92.0,In stock,Maintain on day 2,64.0,16.1,14,147,66
AC-017,Base-B,YELLOW,41.2,13.7,48.0,SHORT (arrives day 4),No slot in next 7 days - ESCALATE,64.0,51.2,50,165,17
AC-038,Base-C,YELLOW,44.4,14.8,45.0,SHORT (arrives day 6),No slot in next 7 days - ESCALATE,62.0,54.4,50,125,38
AC-036,Base-A,RED,8.8,2.9,89.0,In stock,Maintain on day 2,62.0,18.8,19,126,36
AC-084,Base-C,YELLOW,49.4,16.5,38.0,SHORT (arrives day 6),No slot in next 7 days - ESCALATE,57.0,59.4,58,172,84
AC-063,Base-B,YELLOW,54.2,18.1,32.0,SHORT (arrives day 4),No slot in next 7 days - ESCALATE,52.0,64.2,72,155,63
AC-094,Base-B,YELLOW,55.9,18.6,30.0,SHORT (arrives day 4),No slot in next 7 days - ESCALATE,51.0,65.9,55,133,94
AC-021,Base-B,YELLOW,58.5,19.5,27.0,SHORT (arrives day 4),No slot in next 7 days - ESCALATE,49.0,68.5,57,148,21
AC-018,Base-A,YELLOW,59.5,19.8,26.0,SHORT (arrives day 2),Maintain on day 6,48.0,69.5,28,133,18
AC-033,Base-A,GREEN,99.4,33.1,0.0,-,No action,0.0,109.4,106,50,33
AC-023,Base-A,GREEN,113.9,38.0,0.0,-,No action,0.0,123.9,113,130,23
AC-025,Base-C,GREEN,109.9,36.6,0.0,-,No action,0.0,119.9,145,48,25
AC-026,Base-B,GREEN,106.3,35.4,0.0,-,No action,0.0,116.3,119,76,26
AC-027,Base-B,GREEN,105.9,35.3,0.0,-,No action,0.0,115.9,66,140,27
AC-028,Base-C,GREEN,86.7,28.9,0.0,-,No action,0.0,96.7,97,158,28
AC-022,Base-B,GREEN,109.0,36.3,0.0,-,No action,0.0,119.0,111,39,22
AC-029,Base-B,GREEN,80.7,26.9,0.0,-,No action,0.0,90.7,90,171,29
AC-030,Base-B,GREEN,88.8,29.6,0.0,-,No action,0.0,98.8,115,143,30
AC-013,Base-C,GREEN,93.3,31.1,0.0,-,No action,0.0,103.3,95,195,13
AC-016,Base-C,GREEN,98.0,32.7,0.0,-,No action,0.0,108.0,84,113,16
AC-015,Base-C,GREEN,105.8,35.3,0.0,-,No action,0.0,115.8,83,76,15
AC-014,Base-C,GREEN,87.7,29.2,0.0,-,No action,0.0,97.7,107,46,14
AC-019,Base-C,GREEN,102.6,34.2,0.0,-,No action,0.0,112.6,87,135,19
AC-008,Base-C,GREEN,93.8,31.3,0.0,-,No action,0.0,103.8,95,166,8
AC-007,Base-A,GREEN,89.2,29.7,0.0,-,No action,0.0,99.2,91,160,7
AC-006,Base-C,GREEN,99.8,33.3,0.0,-,No action,0.0,109.8,93,105,6
AC-009,Base-A,GREEN,101.0,33.7,0.0,-,No action,0.0,111.0,111,55,9
AC-005,Base-B,GREEN,96.3,32.1,0.0,-,No action,0.0,106.3,91,98,5
AC-012,Base-C,GREEN,68.7,22.9,14.0,-,No action,0.0,78.7,124,217,12
AC-002,Base-C,GREEN,107.7,35.9,0.0,-,No action,0.0,117.7,98,49,2
AC-004,Base-B,GREEN,96.7,32.2,0.0,-,No action,0.0,106.7,82,106,4
AC-001,Base-A,GREEN,113.0,37.7,0.0,-,No action,0.0,123.0,112,31,1
AC-011,Base-B,GREEN,73.3,24.4,8.0,-,No action,0.0,83.3,97,83,11
AC-010,Base-A,GREEN,98.8,32.9,0.0,-,No action,0.0,108.8,96,192,10
AC-051,Base-C,GREEN,96.5,32.2,0.0,-,No action,0.0,106.5,114,144,51
AC-045,Base-A,GREEN,60.2,20.1,25.0,-,No action,0.0,70.2,114,152,45
AC-050,Base-C,GREEN,91.7,30.6,0.0,-,No action,0.0,101.7,79,74,50
AC-047,Base-B,GREEN,96.2,32.1,0.0,-,No action,0.0,106.2,135,73,47
AC-048,Base-C,GREEN,102.1,34.0,0.0,-,No action,0.0,112.1,92,78,48
AC-067,Base-C,GREEN,106.5,35.5,0.0,-,No action,0.0,116.5,77,71,67
AC-065,Base-B,GREEN,114.3,38.1,0.0,-,No action,0.0,124.3,128,71,65
AC-059,Base-C,GREEN,110.8,36.9,0.0,-,No action,0.0,120.8,114,94,59
AC-054,Base-B,GREEN,109.6,36.5,0.0,-,No action,0.0,119.6,97,121,54
AC-055,Base-B,GREEN,100.6,33.5,0.0,-,No action,0.0,110.6,137,113,55
AC-057,Base-B,GREEN,90.1,30.0,0.0,-,No action,0.0,100.1,103,160,57
AC-060,Base-C,GREEN,95.5,31.8,0.0,-,No action,0.0,105.5,100,147,60
AC-039,Base-A,GREEN,110.7,36.9,0.0,-,No action,0.0,120.7,142,37,39
AC-044,Base-B,GREEN,96.9,32.3,0.0,-,No action,0.0,106.9,109,54,44
AC-043,Base-C,GREEN,84.8,28.3,0.0,-,No action,0.0,94.8,59,172,43
AC-037,Base-C,GREEN,60.5,20.2,24.0,-,No action,0.0,70.5,21,121,37
AC-074,Base-A,GREEN,90.3,30.1,0.0,-,No action,0.0,100.3,126,137,74
AC-075,Base-C,GREEN,103.5,34.5,0.0,-,No action,0.0,113.5,113,88,75
AC-069,Base-A,GREEN,97.9,32.6,0.0,-,No action,0.0,107.9,121,54,69
AC-071,Base-C,GREEN,96.9,32.3,0.0,-,No action,0.0,106.9,118,68,71
AC-070,Base-B,GREEN,97.8,32.6,0.0,-,No action,0.0,107.8,94,152,70
AC-083,Base-A,GREEN,104.1,34.7,0.0,-,No action,0.0,114.1,137,73,83
AC-078,Base-A,GREEN,114.9,38.3,0.0,-,No action,0.0,124.9,107,72,78
AC-079,Base-B,GREEN,112.0,37.3,0.0,-,No action,0.0,122.0,63,101,79
AC-080,Base-C,GREEN,74.3,24.8,7.0,-,No action,0.0,84.3,90,133,80
AC-072,Base-A,GREEN,74.2,24.7,7.0,-,No action,0.0,84.2,50,131,72
AC-073,Base-B,GREEN,103.3,34.4,0.0,-,No action,0.0,113.3,131,112,73
AC-088,Base-A,GREEN,104.0,34.7,0.0,-,No action,0.0,114.0,115,68,88
AC-085,Base-B,GREEN,92.6,30.9,0.0,-,No action,0.0,102.6,118,34,85
AC-089,Base-C,GREEN,93.0,31.0,0.0,-,No action,0.0,103.0,136,177,89
AC-086,Base-C,GREEN,90.7,30.2,0.0,-,No action,0.0,100.7,89,110,86
AC-087,Base-A,GREEN,104.4,34.8,0.0,-,No action,0.0,114.4,116,56,87
AC-095,Base-C,GREEN,99.9,33.3,0.0,-,No action,0.0,109.9,128,89,95
AC-096,Base-A,GREEN,111.0,37.0,0.0,-,No action,0.0,121.0,137,97,96
AC-097,Base-A,GREEN,84.0,28.0,0.0,-,No action,0.0,94.0,82,134,97
AC-098,Base-C,GREEN,74.4,24.8,7.0,-,No action,0.0,84.4,59,121,98
AC-099,Base-B,GREEN,111.6,37.2,0.0,-,No action,0.0,121.6,117,97,99
